dataset,objective,completed_sequences,expected_sequences,attack_seconds_sum,epsilon_255,steps,seed,elapsed_seconds,condition_wall_seconds,tracking_num_frames,tracking_num_queries,tracking_num_dynamic_queries,tracking_apd3d_all,tracking_epe_all_m,tracking_scale_all,tracking_within_0.1m_all,tracking_within_0.3m_all,tracking_within_0.5m_all,tracking_within_1m_all,tracking_apd3d_dynamic,tracking_epe_dynamic_m,tracking_scale_dynamic,tracking_within_0.1m_dynamic,tracking_within_0.3m_dynamic,tracking_within_0.5m_dynamic,tracking_within_1m_dynamic,reconstruction_apd3d,reconstruction_epe_m,reconstruction_scale,reconstruction_valid_pixels,reconstruction_num_frames,reconstruction_within_0.1m,reconstruction_within_0.3m,reconstruction_within_0.5m,reconstruction_within_1m,loss_tracking_mse,loss_tracking_regression,loss_reconstruction_regression,loss_confidence,loss_total,diagnostic_tracking_l21,diagnostic_reconstruction_l21,diagnostic_track_conf_mean,diagnostic_track_raw_conf_mean,diagnostic_static_conf_max_detached,diagnostic_reconstruction_conf_mean,diagnostic_track_log_conf_mean,diagnostic_reconstruction_log_conf_mean,diagnostic_native_track_count,diagnostic_reconstruction_count,tracking_apd_drop_pp,tracking_epe_increase_m,reconstruction_apd_drop_pp,reconstruction_epe_increase_m
po_mini,clean,4,4,41.9795996050002,0.0,0.0,3237108213.25,10.49489990125005,45.7111588972499,128.0,945.25,566.0,63.10016350393441,0.33518514037132263,3.490951359272003,11.853582910373476,59.56335965953783,84.0456488467614,96.93806259906489,70.418779184125,0.25941912084817886,3.4771332144737244,21.833258268595728,71.35446325002245,89.99643561014183,98.49095960773998,40.81057742372495,0.9296275749802589,4.037568151950836,15775895.75,128.0,6.715942185433395,29.02644640950166,49.46895458102924,78.03096651893551,0.23538574948906898,5.176769733428955,1.232155129313469,-0.2732237819582224,6.135701060295105,0.684603288769722,0.9155466929078102,7.5881078243255615,1.2265848517417908,3.2776326537132263,1.318769097328186,1.1760414689779282,0.19007741572568193,109408.0,15775895.75,0.0,0.0,0.0,0.0
po_mini,tracking_mse,4,4,2764.964003200999,4.0,20.0,3237108213.25,691.2410008002497,722.0622347519999,128.0,945.25,566.0,6.54262106503328,13.891963481903076,8.738778471946716,0.09204051954591133,1.8148550866415776,5.919692672750689,18.34389598119494,23.53002894754499,9.263378068804741,7.561945915222168,2.8185637783745,19.88179798609019,28.560106139223834,42.85964788649145,12.563189455142894,6.164605915546417,13.012325525283813,15775895.75,128.0,0.816442330759056,6.174067097080439,12.925091658695479,30.337156734036597,472.85189628601074,48.32622456550598,2.6990396976470947,-0.24922120943665504,50.776041984558105,6.763774275779724,2.6395794451236725,8.68206238746643,1.0287026464939117,4.070195138454437,1.0471736788749695,1.2091953456401825,0.03691069642081857,109408.0,15775895.75,56.55754243890112,13.556778341531754,28.24738796858206,5.234978340566158
po_mini,tracking_3d,4,4,3981.4000322119955,4.0,20.0,3237108213.25,995.3500080529989,1036.6200440000002,128.0,945.25,566.0,8.281525483123858,4.654471457004547,6.374753564596176,1.028438668539155,4.396580447096024,8.289472295437069,19.41161052142319,20.43673000583643,2.9843491688370705,7.322697475552559,5.332194609546569,19.26222335028008,23.18682954317522,33.96567252034386,4.144876532215802,5.452829271554947,90.97381031513214,15775895.75,128.0,0.00716929289949063,0.1574802756498119,1.3379612897960182,15.076895270517888,72.89127659797668,1012.6315336227417,4.14277720451355,-0.3216927908360958,1016.4525880813599,162.94490045309067,3.2300293147563934,11.883462369441986,1.2762488722801208,5.012142896652222,1.613419771194458,1.349492408335209,0.25897151326353196,109408.0,15775895.75,54.81863802081055,4.3192863166332245,36.66570089150915,4.523201696574688
ds_mini,clean,4,4,41.12948246200085,0.0,0.0,2344129903.25,10.282370615500213,45.48963153424984,128.0,805.0,212.75,76.27500296393555,0.2236952930688858,2.843346118927002,33.26674379825154,81.44607872921578,92.73715171678434,97.65003761149053,76.7767399750014,0.20792517811059952,2.80395644903183,32.829392245036246,81.66949136898535,94.15147769670187,98.45659858928217,85.69322266398258,0.1302652396261692,2.7271921038627625,18863036.25,128.0,56.797300782948795,89.64713097551908,97.07393376216461,99.25452513529784,0.15110794827342033,3.6088068783283234,0.5820325389504433,-0.7772019952535629,3.4136374592781067,0.1874326504766941,0.0980857964605093,21.11934208869934,4.070841729640961,16.441609621047974,9.443316221237183,1.9019715785980225,1.984038382768631,100416.0,18863036.0,0.0,0.0,0.0,0.0
ds_mini,tracking_mse,4,4,2792.6851146609984,4.0,20.0,2344129903.25,698.1712786652496,729.4599424202501,128.0,805.0,212.75,18.580216978185,8.57290381193161,6.161358833312988,2.274140924991603,12.560118655729898,21.12822405242221,38.35838427959629,43.414618894180364,0.9347545430064201,4.51192981004715,7.393713585442378,36.05240733046616,52.20966954225423,78.00268511855867,19.048781324571777,2.1875328719615936,3.7084447741508484,18863036.25,128.0,2.3730991343451286,11.474750795282274,21.098168871815062,41.24910649684465,271.36267280578613,10.064313054084778,1.8402059674263,-0.1674138531088829,11.737105131149292,3.9005858302116394,1.6994433999061584,6.889549612998962,1.1050216853618622,5.466189026832581,1.09853795170784,0.7713808342814445,0.06568842893466353,100416.0,18863036.0,57.69478598575055,8.349208518862724,66.6444413394108,2.0572676323354244
ds_mini,tracking_3d,4,4,3814.1727839819996,4.0,20.0,2344129903.25,953.5431959954999,988.8139730057487,128.0,805.0,212.75,19.71220181035138,1.6461621224880219,1.3711841702461243,1.280421197870208,9.884292585413222,20.873305776367772,46.81078768175431,20.656507340345964,1.7492982298135757,1.1184630244970322,1.219205022485407,8.654396951939331,20.611771636213803,52.140655750745324,3.717397054997567,6.409303307533264,56.918227195739746,18863036.25,128.0,0.02131588161588776,0.5347914632528057,2.122104879999213,12.191375995122364,4.5862032771110535,655.3174095153809,3.0456687211990356,-0.13815873581916094,658.224925994873,87.05693054199219,3.0250585079193115,5.828806102275848,1.003253161907196,4.336897194385529,1.0122405886650085,0.6820425316691399,0.008751136163482442,100416.0,18863036.0,56.56280115358416,1.422466829419136,81.97582560898502,6.279038067907095
all,clean,8,8,83.10908206700105,0.0,0.0,2790619058.25,10.388635258375132,45.60039521574987,128.0,875.125,389.375,69.68758323393499,0.2794402167201042,3.1671487390995026,22.560163354312504,70.5047191943768,88.39140028177286,97.2940501052777,73.5977595795632,0.2336721494793892,3.140544831752777,27.331325256815987,76.51197730950389,92.07395665342185,98.47377909851107,63.251900043853766,0.5299464073032141,3.3823801279067993,17319466.0,128.0,31.756621484191093,59.33678869251037,73.27144417159693,88.64274582711667,0.19324684888124466,4.392788305878639,0.9070938341319561,-0.5252128886058927,4.774669259786606,0.43601796962320805,0.5068162446841598,14.353724956512451,2.6487132906913757,9.8596211373806,5.381042659282684,1.5390065237879753,1.0870578992471565,104912.0,17319465.875,0.0,0.0,0.0,0.0
all,tracking_mse,8,8,5557.649117861997,4.0,20.0,2790619058.25,694.7061397327496,725.761088586125,128.0,875.125,389.375,12.56141902160914,11.232433646917343,7.450068652629852,1.1830907222687572,7.187486871185738,13.523958362586447,28.351140130395613,33.47232392086268,5.0990663059055805,6.036937862634659,5.106138681908439,27.967102658278172,40.38488784073903,60.43116650252506,15.805985389857335,4.176069393754005,8.360385149717331,17319466.0,128.0,1.5947707325520921,8.824408946181357,17.01163026525527,35.79313161544063,372.10728454589844,29.19526880979538,2.2696228325366974,-0.20831753127276897,31.2565735578537,5.332180052995682,2.1695114225149155,7.7858060002326965,1.066862165927887,4.768192082643509,1.0728558152914047,0.9902880899608135,0.05129956267774105,104912.0,17319465.875,57.12616421232583,10.952993430197239,47.44591465399644,3.6461229864507914
all,tracking_3d,8,8,7795.572816193995,4.0,20.0,2790619058.25,974.4466020242494,1012.7170085028745,128.0,875.125,389.375,13.996863646737618,3.1503167897462845,3.87296886742115,1.1544299332046815,7.140436516254624,14.58138903590242,33.11119910158875,20.546618673091196,2.366823699325323,4.2205802500247955,3.275699816015988,13.958310151109707,21.899300589694512,43.05316413554459,3.9311367936066843,5.9310662895441055,73.94601875543594,17319466.0,128.0,0.014242587257689194,0.3461358694513088,1.7300330848976155,13.634135632820126,38.73873993754387,833.9744715690613,3.5942229628562927,-0.22992576332762837,837.3387570381165,125.00091549754143,3.1275439113378525,8.856134235858917,1.1397510170936584,4.674520045518875,1.3128301799297333,1.0157674700021744,0.1338613247135072,104912.0,17319465.875,55.690719587197364,2.8708765730261803,59.32076325024708,5.4011198822408915
