dataset,sequence,objective,epsilon_255,steps,seed,elapsed_seconds,condition_wall_seconds,tracking_num_frames,tracking_num_queries,tracking_num_dynamic_queries,tracking_apd3d_all,tracking_epe_all_m,tracking_scale_all,tracking_within_0.1m_all,tracking_within_0.3m_all,tracking_within_0.5m_all,tracking_within_1m_all,tracking_apd3d_dynamic,tracking_epe_dynamic_m,tracking_scale_dynamic,tracking_within_0.1m_dynamic,tracking_within_0.3m_dynamic,tracking_within_0.5m_dynamic,tracking_within_1m_dynamic,reconstruction_apd3d,reconstruction_epe_m,reconstruction_scale,reconstruction_valid_pixels,reconstruction_num_frames,reconstruction_within_0.1m,reconstruction_within_0.3m,reconstruction_within_0.5m,reconstruction_within_1m,loss_tracking_mse,loss_tracking_regression,loss_reconstruction_regression,loss_confidence,loss_total,diagnostic_tracking_l21,diagnostic_reconstruction_l21,diagnostic_track_conf_mean,diagnostic_track_raw_conf_mean,diagnostic_static_conf_max_detached,diagnostic_reconstruction_conf_mean,diagnostic_track_log_conf_mean,diagnostic_reconstruction_log_conf_mean,diagnostic_native_track_count,diagnostic_reconstruction_count,tracking_apd_drop_pp,tracking_epe_increase_m,reconstruction_apd_drop_pp,reconstruction_epe_increase_m
ds_mini,423875-3_obj_source_left_0,clean,0.0,0,2957028881,10.226045273000636,45.26146579399938,128,1432,172,80.60377749650837,0.2072088122367859,3.2318265438079834,47.78718575418994,83.93581965782123,92.61631459497207,98.07578997905027,84.48741824127907,0.15296640992164612,3.195094347000122,53.90625,88.38571947674419,97.2156613372093,98.4420421511628,81.04727916102941,0.1485544890165329,3.179044723510742,18830791,128,37.35853687718163,91.30430580425431,95.9354654831016,99.59080847958006,0.22484326362609863,1.5549300909042358,0.4690839946269989,-0.67535001039505,1.3486640453338623,0.14470629394054413,0.07857129722833633,12.959946632385254,3.8579628467559814,19.234628677368164,9.612776756286621,1.4118343591690063,1.9649157524108887,179584.0,18830792.0,0.0,0.0,0.0,0.0
ds_mini,9c43b3-3_obj_source_left_3,clean,0.0,0,3252851169,10.373562439000125,45.66299021099985,128,549,140,72.24427937158471,0.25105392932891846,2.908705234527588,21.09375,77.9143897996357,93.06693989071039,96.90203779599271,80.23995535714286,0.16909968852996826,2.6135032176971436,43.54910714285714,83.49330357142857,93.91741071428571,100.0,84.23682358408644,0.15015441179275513,2.6900768280029297,18873133,128,62.2838561038064,78.85788226045987,96.93517764114733,98.87037833093213,0.13591809570789337,3.7446978092193604,0.7954433560371399,-0.8308769464492798,3.7092642784118652,0.18668094277381897,0.12116065621376038,22.000959396362305,4.821521282196045,15.93878173828125,10.321410179138184,2.0784363746643066,2.0759479999542236,70016.0,18873132.0,0.0,0.0,0.0,0.0
ds_mini,e09bca-3_obj_source_left_2,clean,0.0,0,2522499789,10.205082340000445,45.57771789199978,128,618,223,79.69634911003237,0.19832490384578705,2.7296030521392822,44.58308050161812,84.62024676375405,92.11544296116504,97.46662621359224,67.06313060538116,0.2831847667694092,2.9685556888580322,7.069786995515695,71.02718609865471,91.12948430493275,99.02606502242153,85.96238709479164,0.12989962100982666,2.7425320148468018,18874240,128,55.708892119629716,93.11778381540131,96.24747274592248,98.77539969821302,0.13230597972869873,4.846867084503174,0.46107202768325806,-0.8014190793037415,4.506519794464111,0.1883901059627533,0.10940316319465637,24.522415161132812,4.657968044281006,14.70032024383545,7.059133529663086,2.270278215408325,1.7368172407150269,77824.0,18874240.0,0.0,0.0,0.0,0.0
ds_mini,fec654-3_obj_source_left_4,clean,0.0,0,644139774,10.324792409999645,45.45635224000034,128,621,316,72.55560587761674,0.23819352686405182,2.5032496452331543,19.602958937198068,79.31385869565217,93.14990942028986,98.1556964573269,75.31645569620254,0.2264498472213745,2.4386725425720215,26.79242484177215,83.77175632911393,94.34335443037975,96.3582871835443,91.52640081602287,0.09245243668556213,2.297114849090576,18873981,128,71.83791803117742,95.30855202196081,99.17761917848705,99.78151403246618,0.1113644540309906,4.288732528686523,0.6025307774543762,-0.8011619448661804,4.090101718902588,0.22995325922966003,0.08320806920528412,24.994047164916992,2.9459147453308105,15.892707824707031,10.77994441986084,1.8473373651504517,2.1584725379943848,74240.0,18873980.0,0.0,0.0,0.0,0.0
po_mini,cab_e_3rd_13,clean,0.0,0,2999617174,11.182387198000015,48.39554967899994,128,547,510,64.7962608546618,0.2924048900604248,2.8905153274536133,7.364031078610603,62.8713436928702,90.0422760511883,98.90739259597807,65.75980392156863,0.28209593892097473,2.917555809020996,7.32843137254902,64.6936274509804,91.60998774509804,99.40716911764706,59.916218300054915,0.3809908926486969,2.5696144104003906,18873692,128,14.83747853891014,56.9589617124196,74.54124503038409,93.32718791850583,0.12614037096500397,2.1593399047851562,0.3790494203567505,-0.2540738880634308,2.284315347671509,0.30727440118789673,0.33607473969459534,6.4827752113342285,1.1576035022735596,2.9998998641967773,1.1924865245819092,1.1248730421066284,0.14549636840820312,67072.0,18873692.0,0.0,0.0,0.0,0.0
po_mini,dancingroom1_3rd2_4,clean,0.0,0,3868574594,10.245273108999754,44.766495199999554,128,1475,881,60.820842161016955,0.37325519323349,3.773298740386963,11.727754237288135,57.52966101694915,78.74311440677965,95.28283898305084,63.85854143019296,0.306439608335495,3.7629480361938477,10.753937287173667,62.65961975028377,83.6141458569807,98.40646282633371,18.95560680810087,1.5251102447509766,4.9329071044921875,16125378,128,1.470781026032382,5.913052084732525,12.269355794326184,56.169238327312385,0.30322322249412537,3.382432460784912,0.9404572248458862,-0.20981840789318085,4.113071441650391,0.7995273470878601,0.93683922290802,4.459142208099365,1.0100226402282715,1.5802037715911865,1.011979341506958,1.0383708477020264,0.010721216909587383,171008.0,16125378.0,0.0,0.0,0.0,0.0
po_mini,dancingroom1_3rd_7,clean,0.0,0,3531528478,10.29379184299978,45.11622248599997,128,1282,751,59.968250292511705,0.38498935103416443,4.63444709777832,13.752315717628704,52.16519598283932,77.64844968798752,96.30703978159126,69.24907415113182,0.2869342267513275,4.886713981628418,21.171770972037287,68.6178844873502,88.84716211717709,98.35947902796272,44.815398995907344,0.8849929571151733,5.399260520935059,12560793,128,5.934466080286492,27.688188158183962,58.69306977672508,86.94587196843383,0.36584919691085815,13.021602630615234,2.7408816814422607,-0.5053620338439941,15.257122039794922,1.069025993347168,1.5217962265014648,15.771153450012207,1.6941975355148315,6.180334091186523,2.0675172805786133,1.9257276058197021,0.601082444190979,139776.0,12560793.0,0.0,0.0,0.0,0.0
po_mini,seminar_g110_0315_ego2_3,clean,0.0,0,2548712607,10.258147455000653,44.56636822400014,128,477,122,66.81530070754717,0.2900911271572113,2.665544271469116,14.570230607966456,65.68723794549265,89.74875524109015,97.25497903563941,82.80769723360656,0.1622067093849182,2.3413150310516357,48.07889344262295,89.44672131147541,95.91444672131148,97.7907274590164,39.55508559083668,0.927416205406189,3.248490571975708,15543720,128,4.621043096504569,25.545583682670557,52.372147722681575,75.68156786149004,0.14633020758628845,2.1437039375305176,0.8682321906089783,-0.12364079803228378,2.8882954120635986,0.5625854134559631,0.8674765825271606,3.6393604278564453,1.0445157289505005,2.350092887878418,1.0030932426452637,0.6151943802833557,0.003009633393958211,59776.0,15543720.0,0.0,0.0,0.0,0.0
ds_mini,423875-3_obj_source_left_0,tracking_3d,4.0,20,2957028881,867.3253404999996,902.3949037539969,128,1432,172,31.405622599511172,1.5064016580581665,1.724453330039978,3.2401143505586596,20.81278369413408,37.312870984636874,64.25672136871509,23.488599200581394,1.1498730182647705,0.7986862063407898,3.8971656976744184,18.495639534883722,29.1015625,42.460029069767444,0.6282502949557456,11.144204139709473,83.01058959960938,18830791,128,0.0011364365947240346,0.03364701992603497,0.16809702789436726,2.310120695407856,5.436788082122803,169.35916137695312,3.9880824089050293,-0.05934227630496025,173.28790283203125,54.833641052246094,3.9546070098876953,2.6129677295684814,1.0016319751739502,3.5492827892303467,1.0225224494934082,0.27784064412117004,0.01887074112892151,179584.0,18830792.0,49.198154896997195,1.2991928458213806,80.41902886607366,10.99564965069294
ds_mini,9c43b3-3_obj_source_left_3,tracking_3d,4.0,20,3252851169,909.9512618730005,943.7586934230003,128,549,140,21.033270719489984,1.336159586906433,1.1884186267852783,1.7603028233151186,12.407502276867032,24.278517759562842,45.68676001821493,29.93861607142857,1.1889127492904663,0.6827889084815979,0.7142857142857143,10.892857142857142,36.556919642857146,71.59040178571429,4.842076299679549,3.5615251064300537,56.6966667175293,18873133,128,0.02801336693807011,0.6906484471868025,2.8556467015836744,15.79399668300965,2.8592264652252197,696.4598999023438,2.641651153564453,-0.11859563738107681,698.9829711914062,136.85137939453125,2.6397039890289307,4.02290678024292,1.0007632970809937,2.9551901817321777,1.0021357536315918,0.591353714466095,0.001624459051527083,70016.0,18873132.0,51.211008652094726,1.0851056575775146,79.39474728440689,3.4113706946372986
ds_mini,e09bca-3_obj_source_left_2,tracking_3d,4.0,20,2522499789,843.7889537659994,879.735664718999,128,618,223,17.047494437702266,1.6439729928970337,1.651107668876648,0.10239684466019418,3.6888147249190943,15.190129449838189,49.208636731391586,8.035839405829595,3.7453291416168213,2.5063443183898926,0.028026905829596414,2.9323150224215246,10.044142376681615,19.13887331838565,4.882891973398664,8.433131217956543,44.38046646118164,18874240,128,0.04115662405479638,1.0162899274354886,3.5249366332101317,14.94918470889424,4.354850769042969,244.03895568847656,3.2933199405670166,-0.1903902143239975,247.1418914794922,32.500450134277344,3.2749600410461426,8.899636268615723,1.0063878297805786,5.879518508911133,1.014245867729187,0.9430981874465942,0.008852853439748287,77824.0,18874240.0,62.6488546723301,1.4456480890512466,81.07949512139297,8.303231596946716
ds_mini,fec654-3_obj_source_left_4,tracking_3d,4.0,20,644139774,1193.1072278430001,1229.3666301269986,128,621,316,9.362419484702095,2.098114252090454,0.9207570552825928,0.018870772946859904,2.628069645732689,6.711704911433173,28.091032608695656,21.162974683544302,0.9130780100822449,0.4860326647758484,0.23734177215189875,2.296776107594937,6.744462025316455,75.37331882911393,4.516369651956309,2.4983527660369873,43.58518600463867,18873981,128,0.014957098875960508,0.3985804584628966,1.939739157308678,15.712201893177703,5.693947792053223,1511.41162109375,2.2596213817596436,-0.1843068152666092,1513.4869384765625,124.04225158691406,2.2309629917144775,7.7797136306762695,1.0042295455932617,4.963597297668457,1.0100582838058472,0.9158775806427002,0.005656491033732891,74240.0,18873980.0,63.19318639291465,1.8599207252264023,87.01003116406656,2.405900329351425
po_mini,cab_e_3rd_13,tracking_3d,4.0,20,2999617174,890.9374854859998,922.8968959960002,128,547,510,2.3009026508226693,2.5930123329162598,4.406004428863525,0.004284734917733089,0.29564670932358317,1.2839922303473492,7.619686928702012,2.483532475490196,2.57452130317688,4.478794097900391,0.0030637254901960784,0.350796568627451,1.4338235294117647,8.146446078431373,1.5322280346632762,4.005578994750977,8.032903671264648,18873692,128,0.013823474495610078,0.19054565476643362,0.7064542538894881,5.218088755501573,7.971368312835693,45.535160064697266,3.2390835285186768,-0.25833314657211304,48.51591110229492,3.8719048500061035,3.175041675567627,10.139900207519531,1.0461658239364624,4.944915771484375,1.0571324825286865,1.2526332139968872,0.03903244435787201,67072.0,18873692.0,62.495358203839125,2.300607442855835,58.38399026539164,3.6245881021022797
po_mini,dancingroom1_3rd2_4,tracking_3d,4.0,20,3868574594,1378.3745151089988,1441.6336384250008,128,1475,881,10.055084745762713,1.8521265983581543,1.194437026977539,0.2621822033898305,3.480402542372881,8.459745762711865,28.018008474576273,12.023357690124858,1.2787017822265625,1.056342601776123,0.41767167990919407,3.4078816685584568,8.98127128263337,35.286606129398415,0.03894482349499032,9.076238632202148,200.3973846435547,16125378,128,0.00012402810030251693,0.004068121689922556,0.01670658511074903,0.13488055907898716,4.719846248626709,3024.171630859375,4.244673252105713,-0.26337143778800964,3028.15283203125,364.8044738769531,4.241583347320557,7.4311957359313965,1.0001559257507324,2.7685863971710205,1.0010619163513184,1.3159421682357788,0.0009149958495981991,171008.0,16125378.0,50.76575741525424,1.4788714051246643,18.91666198460588,7.551128387451172
po_mini,dancingroom1_3rd_7,tracking_3d,4.0,20,3531528478,840.9740721959988,873.9891376569994,128,1282,751,0.0010664489079563182,12.553930282592773,18.787899017333984,0.0,0.0,0.001218798751950078,0.003046996879875195,0.001300349533954727,7.770267963409424,23.35512351989746,0.0,0.0,0.0,0.005201398135818908,14.78322467379249,1.6767531633377075,4.9064507484436035,12560793,128,0.013964086503137182,0.41539574770478266,4.53707819243578,54.16646066852626,274.60748291015625,83.80664825439453,5.373888969421387,-0.6646575927734375,88.51587677001953,2.6501286029815674,1.7989357709884644,27.322111129760742,2.0585203170776367,10.791019439697266,3.39243483543396,2.330329179763794,0.9929587841033936,139776.0,12560793.0,59.96718384360375,12.168940931558609,30.032174322114855,0.7917602062225342
po_mini,seminar_g110_0315_ego2_3,tracking_3d,4.0,20,2548712607,871.1139594209981,907.9605039220005,128,477,122,20.769048087002094,1.618816614151001,1.1106737852096558,3.8472877358490565,13.810272536687632,23.412932389937108,42.005699685534594,67.23872950819671,0.31390562653541565,0.400529682636261,20.908043032786885,73.29021516393442,82.33222336065575,92.42443647540983,0.22510859691245083,7.052746295928955,150.55850219726562,15543720,128,0.0007655824989127441,0.019911578438108767,0.09160612774805516,0.7881510989647267,4.266408920288086,897.0126953125,3.713463068008423,-0.10040898621082306,900.625732421875,280.4530944824219,3.704556465148926,2.6406424045562744,1.0001534223556519,1.5440499782562256,1.0030498504638672,0.4990650713443756,0.002979828743264079,59776.0,15543720.0,46.046252620545076,1.3287254869937897,39.329976993924234,6.125330090522766
ds_mini,423875-3_obj_source_left_0,tracking_mse,4.0,20,2957028881,723.0615899669992,756.0678526320007,128,1432,172,3.713801719622905,18.758987426757812,12.22404956817627,0.017458100558659217,1.0371202863128492,3.081354748603352,10.719273743016759,66.97288335755813,0.2704988420009613,6.65163516998291,8.65279796511628,65.60683139534885,93.9453125,99.68659156976744,1.7058351399046383,3.44071364402771,2.9696197509765625,18830791,128,0.028878234589295795,0.34404290292425843,1.1190342455609008,5.331385176544098,865.8624877929688,6.677844047546387,2.6436474323272705,-0.12990093231201172,9.191590309143066,3.586580753326416,2.193537950515747,3.7004714012145996,1.3451628684997559,5.246747970581055,1.2690297365188599,0.4760221540927887,0.17348253726959229,179584.0,18830792.0,76.88997577688546,18.551778614521027,79.34144402112477,3.292159155011177
ds_mini,9c43b3-3_obj_source_left_3,tracking_mse,4.0,20,3252851169,695.4859861990003,726.5775093819998,128,549,140,39.26421618852459,3.2596020698547363,3.55245304107666,8.740323315118397,37.15562386156648,50.39560564663024,60.76531193078324,56.689453125,0.8920760154724121,3.2976889610290527,19.9609375,58.738839285714285,70.28459821428571,77.7734375,41.91002362988699,1.2774728536605835,4.446272850036621,18873133,128,8.811965665689952,34.90516386442039,53.05686660503055,70.86609838440708,35.430667877197266,9.845314979553223,1.0772669315338135,-0.14887142181396484,10.773710250854492,3.8209195137023926,1.0649209022521973,6.94635009765625,1.0073938369750977,5.615087509155273,1.0185567140579224,0.7353652715682983,0.00899183563888073,70016.0,18873132.0,32.98006318306012,3.008548140525818,42.326799954199444,1.1273184418678284
ds_mini,e09bca-3_obj_source_left_2,tracking_mse,4.0,20,2522499789,689.4427222649992,720.093739553,128,618,223,18.178284283980584,3.7689545154571533,3.3252830505371094,0.07584951456310679,7.421875,18.96996359223301,46.24544902912621,24.031320067264573,1.4017938375473022,3.5745418071746826,0.031530269058295965,9.28741591928251,22.852438340807176,63.953895739910315,13.195163090010512,2.4028491973876953,5.096567630767822,18874240,128,0.030528381540130885,2.4897002475331456,12.237939117018753,38.02248461395002,33.44084548950195,15.82485294342041,1.7810568809509277,-0.1991274058818817,17.406782150268555,4.53416109085083,1.7214279174804688,9.037800788879395,1.0095452070236206,5.977079391479492,1.0607163906097412,0.9501263499259949,0.045510634779930115,77824.0,18874240.0,61.518064826051784,3.5706296116113663,72.76722400478113,2.2729495763778687
ds_mini,fec654-3_obj_source_left_4,tracking_mse,4.0,20,644139774,684.6948162299996,715.1006681139997,128,621,316,13.164565720611915,8.504071235656738,5.543649673461914,0.26293276972624796,4.625855475040257,12.065972222222223,35.703502415458935,25.964819026898734,1.1746494770050049,4.523853302001953,0.9295886075949367,10.576542721518987,21.75632911392405,70.59681566455697,19.384103438484974,1.6290957927703857,2.3213188648223877,18873981,128,0.6210242555611346,8.160096166251307,17.97883551965004,50.7764578124774,150.71669006347656,7.909240245819092,1.8588526248931885,-0.19175565242767334,9.576337814331055,3.660681962966919,1.8178868293762207,7.8735761642456055,1.0579848289489746,5.025841236114502,1.0458489656448364,0.9240095615386963,0.03476870805025101,74240.0,18873980.0,59.391040157004824,8.265877708792686,72.1422973775379,1.5366433560848236
po_mini,cab_e_3rd_13,tracking_mse,4.0,20,2999617174,702.0186973320001,733.0704969200001,128,547,510,5.36305987202925,6.182432174682617,5.019328594207764,0.04713208409506399,0.7112659963436929,3.5191956124314445,17.1746457952468,5.466069240196078,7.019086837768555,5.736477375030518,0.03676470588235294,0.623468137254902,3.131127450980392,18.072916666666668,21.91332252322439,1.344897985458374,2.9359970092773438,18873692,128,1.380440032612591,7.563178417873938,20.169487771655913,58.54018387075512,78.75328826904297,21.123252868652344,1.4180028438568115,-0.24534575641155243,22.295909881591797,3.735755443572998,1.3744250535964966,8.388789176940918,1.021746277809143,4.050415515899658,1.0931739807128906,1.1568918228149414,0.06983695924282074,67072.0,18873692.0,59.43320098263254,5.890027284622192,38.00289577683053,0.9639070928096771
po_mini,dancingroom1_3rd2_4,tracking_mse,4.0,20,3868574594,693.114593415,724.9258013469998,128,1475,881,9.457362288135593,14.861867904663086,10.644600868225098,0.07627118644067797,2.518008474576271,8.836864406779661,26.39830508474576,13.516467437570942,13.063313484191895,10.488956451416016,0.10818671963677638,3.6180476730987516,12.6152809307605,37.72435442678774,1.8038507376385224,6.94327974319458,16.858858108520508,16125378,128,0.00556886170358301,0.26321243446200143,1.007765523388041,5.938856131000464,590.8248901367188,103.40110778808594,2.9528660774230957,-0.3189207911491394,106.03504943847656,9.016335487365723,2.8950212001800537,11.975225448608398,1.0126489400863647,4.58195686340332,1.028898000717163,1.5707145929336548,0.023889334872364998,171008.0,16125378.0,51.36347987288136,14.488612711429596,17.151756070462348,5.4181694984436035
po_mini,dancingroom1_3rd_7,tracking_mse,4.0,20,3531528478,687.5810113439993,717.8139836299997,128,1282,751,3.368455050702028,17.779495239257812,10.217447280883789,0.06459633385335413,0.9591946177847114,2.8501608814352575,9.59986836973479,6.510850116511318,16.721355438232422,8.568361282348633,0.21741844207723038,2.891977363515313,7.279876830892144,15.654127829560585,12.45446047872933,9.960620880126953,20.40336036682129,12560793,128,0.46483530140175067,6.953255260237152,14.168341123048519,28.23141023022989,643.7254638671875,58.876014709472656,3.4202187061309814,-0.2699998915195465,62.0262336730957,7.024549961090088,3.3681082725524902,8.137954711914062,1.024487853050232,3.1862614154815674,1.0204259157180786,1.3323419094085693,0.017657537013292313,139776.0,12560793.0,56.59979524180968,17.394505888223648,32.36093851717801,9.07562792301178
po_mini,seminar_g110_0315_ego2_3,tracking_mse,4.0,20,2548712607,682.2497011099995,712.4386571109999,128,477,122,7.981607049266248,16.74405860900879,9.073737144470215,0.18016247379454925,3.070951257861635,8.472549790356394,20.20276467505241,68.62672899590163,0.24975651502609253,5.453988552093506,10.91188524590164,72.3936987704918,91.21413934426229,99.98719262295081,14.081124080979329,6.409625053405762,11.851086616516113,15543720,128,1.4149251273182997,9.916622275748663,16.354772216689444,28.638176704160912,578.1039428710938,9.904522895812988,3.0050711631774902,-0.16261839866638184,12.74697494506836,7.278456211090088,2.9207632541656494,6.226280212402344,1.0559275150299072,4.462146759033203,1.0461968183517456,0.7768330574035645,0.03625895455479622,59776.0,15543720.0,58.83369365828092,16.453967481851578,25.473961509857354,5.482208847999573
